<?xml version="1.0" encoding="UTF-8"?>
<project-private xmlns="http://www.netbeans.org/ns/project-private/1">
    <editor-bookmarks xmlns="http://www.netbeans.org/ns/editor-bookmarks/2" lastBookmarkId="0"/>
    <open-files xmlns="http://www.netbeans.org/ns/projectui-open-files/2">
        <group>
            <file>file:/C:/OneDriveFHSTP/OneDrive%20-%20Fachhochschule%20St.%20Pölten/Lehre/BSE/2019_SS/TENG%202%20--%20Technisches%20Englisch%202/Workspace/TENG_2_Exercise_3/src/teng_2_exercise_3/Motorbike.java</file>
            <file>file:/C:/OneDriveFHSTP/OneDrive%20-%20Fachhochschule%20St.%20Pölten/Lehre/BSE/2019_SS/TENG%202%20--%20Technisches%20Englisch%202/Workspace/TENG_2_Exercise_3/src/teng_2_exercise_3/Car.java</file>
            <file>file:/C:/OneDriveFHSTP/OneDrive%20-%20Fachhochschule%20St.%20Pölten/Lehre/BSE/2019_SS/TENG%202%20--%20Technisches%20Englisch%202/Workspace/TENG_2_Exercise_3/src/teng_2_exercise_3/Vehicle.java</file>
            <file>file:/C:/OneDriveFHSTP/OneDrive%20-%20Fachhochschule%20St.%20Pölten/Lehre/BSE/2019_SS/TENG%202%20--%20Technisches%20Englisch%202/Workspace/TENG_2_Exercise_3/src/teng_2_exercise_3/Bike.java</file>
            <file>file:/C:/OneDriveFHSTP/OneDrive%20-%20Fachhochschule%20St.%20Pölten/Lehre/BSE/2019_SS/TENG%202%20--%20Technisches%20Englisch%202/Workspace/TENG_2_Exercise_3/src/teng_2_exercise_3/Main.java</file>
        </group>
    </open-files>
</project-private>
